config,hand,retargeting_type,dof,fixed_dof,max_abs_error,mean_abs_error,rms_error,python_norm,rust_norm,status,message
reference/dex-retargeting/src/dex_retargeting/configs/offline/ability_hand_left.yml,ability_hand_left,position,16,0,0.002618660489930716,0.0009335793316309195,0.0011562439289057502,4.515562436486355,4.5153003143938655,ok,
reference/dex-retargeting/src/dex_retargeting/configs/offline/ability_hand_right.yml,ability_hand_right,position,16,0,0.000246381901191306,7.988597971030683e-05,0.0001133621990877582,4.533732219231639,4.533751744290678,ok,
reference/dex-retargeting/src/dex_retargeting/configs/offline/allegro_hand_left.yml,allegro_hand_left,position,22,0,0.00048226735105083574,0.0001401591521339871,0.0001850665634996261,2.5902421997283462,2.590159742720103,ok,
reference/dex-retargeting/src/dex_retargeting/configs/offline/allegro_hand_right.yml,allegro_hand_right,position,22,0,0.0016870447092183216,0.000598882151076498,0.0007432600802087309,2.567981597810277,2.568543040630973,ok,
reference/dex-retargeting/src/dex_retargeting/configs/offline/inspire_hand_left.yml,inspire_hand_left,position,18,0,0.00021282831465435637,9.050082774755343e-05,0.00011098350666688231,2.1958437826621426,2.195685176997412,ok,
reference/dex-retargeting/src/dex_retargeting/configs/offline/inspire_hand_right.yml,inspire_hand_right,position,18,0,9.628825134593705e-06,2.325504538882935e-06,3.1722154882957925e-06,2.293580736011405,2.293582012077927,ok,
reference/dex-retargeting/src/dex_retargeting/configs/offline/leap_hand_left.yml,leap_hand_left,position,22,0,0.001067006590730557,0.0003135954490119213,0.00043672830832717835,2.748665274878396,2.7489099166873805,ok,
reference/dex-retargeting/src/dex_retargeting/configs/offline/leap_hand_right.yml,leap_hand_right,position,22,0,3.811975578567328e-05,1.6926008098483855e-05,1.9383608488197407e-05,2.928724655854865,2.928712897005015,ok,
reference/dex-retargeting/src/dex_retargeting/configs/offline/panda_gripper.yml,panda_gripper,position,8,0,0.0015682878149332006,0.00026105821529416747,0.0005633596054751506,0.2199154019319166,0.2200177520652693,ok,
reference/dex-retargeting/src/dex_retargeting/configs/offline/schunk_svh_hand_left.yml,schunk_svh_hand_left,position,26,0,0.037467134295816495,0.010995702248990148,0.015598982026724233,2.5784350413609722,2.544969167604791,ok,
reference/dex-retargeting/src/dex_retargeting/configs/offline/schunk_svh_hand_right.yml,schunk_svh_hand_right,position,26,0,0.020610361519459774,0.004185777588728423,0.006171200653535932,2.5597441732863415,2.550600393057783,ok,
reference/dex-retargeting/src/dex_retargeting/configs/offline/shadow_hand_left.yml,shadow_hand_left,position,30,0,0.001747054874145254,0.00024777058543575496,0.0004321042429405716,2.8540830370514203,2.853910386965301,ok,
reference/dex-retargeting/src/dex_retargeting/configs/offline/shadow_hand_right.yml,shadow_hand_right,position,30,0,0.0013972032932048628,0.0003470463908543706,0.0004905326950123885,2.7923427501258375,2.7928405974213915,ok,
reference/dex-retargeting/src/dex_retargeting/configs/teleop/ability_hand_left.yml,ability_hand_left,vector,10,0,0.030008603577082127,0.0183838922569483,0.01988942178771057,4.582649814988728,4.537055941209539,ok,
reference/dex-retargeting/src/dex_retargeting/configs/teleop/ability_hand_left_dexpilot.yml,ability_hand_left,dexpilot,10,0,0.010536276660813804,0.002025906728117566,0.0037223134993083678,4.5709205944072,4.5737663213646895,ok,
reference/dex-retargeting/src/dex_retargeting/configs/teleop/ability_hand_right.yml,ability_hand_right,vector,10,0,0.055217910723242114,0.013110688647416902,0.020544353642919937,4.420983296672957,4.426087691295465,ok,
reference/dex-retargeting/src/dex_retargeting/configs/teleop/ability_hand_right_dexpilot.yml,ability_hand_right,dexpilot,10,0,0.0006339641445569644,0.0004027994914391986,0.00046545321711718475,4.39673924538319,4.396828070947503,ok,
reference/dex-retargeting/src/dex_retargeting/configs/teleop/allegro_hand_left.yml,allegro_hand_left,vector,16,0,0.004242011059267914,0.0016360551666314274,0.00203908483835811,2.6013255466805147,2.601039146225125,ok,
reference/dex-retargeting/src/dex_retargeting/configs/teleop/allegro_hand_left_dexpilot.yml,allegro_hand_left,dexpilot,16,0,0.01700370430369924,0.005448414297943739,0.00724953864483244,2.814302222389704,2.814796962007314,ok,
reference/dex-retargeting/src/dex_retargeting/configs/teleop/allegro_hand_right.yml,allegro_hand_right,vector,16,0,0.004461199960645507,0.0012248461725525594,0.0016933455812398399,2.5167660784117647,2.5165168507757913,ok,
reference/dex-retargeting/src/dex_retargeting/configs/teleop/allegro_hand_right_dexpilot.yml,allegro_hand_right,dexpilot,16,0,5.1455022465063394e-08,2.81180425193428e-08,3.343265756146571e-08,2.482982354312119,2.482982405988948,ok,
reference/dex-retargeting/src/dex_retargeting/configs/teleop/inspire_hand_left.yml,inspire_hand_left,vector,12,0,0.022525395417828276,0.0027162498237732224,0.006692694160928393,2.2401657406067055,2.2486058769963857,ok,
reference/dex-retargeting/src/dex_retargeting/configs/teleop/inspire_hand_left_dexpilot.yml,inspire_hand_left,dexpilot,12,0,0.0005921689947925302,0.00020887205004335024,0.00027171052571269916,2.332894777691828,2.332315032265265,ok,
reference/dex-retargeting/src/dex_retargeting/configs/teleop/inspire_hand_right.yml,inspire_hand_right,vector,12,0,0.004271629991429826,0.0020183482092064817,0.002561452757894147,2.1264417342321114,2.130898406753778,ok,
reference/dex-retargeting/src/dex_retargeting/configs/teleop/inspire_hand_right_dexpilot.yml,inspire_hand_right,dexpilot,12,0,0.0011092584231413571,0.0004421366061071926,0.0005986068067924488,2.280932442440307,2.2804376223865996,ok,
reference/dex-retargeting/src/dex_retargeting/configs/teleop/leap_hand_left.yml,leap_hand_left,vector,16,0,0.004777790432798579,0.0016165759078303466,0.002165076397610387,3.0030962380660484,3.00469748053618,ok,
reference/dex-retargeting/src/dex_retargeting/configs/teleop/leap_hand_left_dexpilot.yml,leap_hand_left,dexpilot,16,0,0.0017739499853354351,0.000443268336618032,0.0006367657016780764,2.997007302224254,2.9962997212652285,ok,
reference/dex-retargeting/src/dex_retargeting/configs/teleop/leap_hand_right.yml,leap_hand_right,vector,16,0,5.4534257554195165e-08,2.129803203763936e-08,2.599707036861101e-08,2.9225917413817375,2.9225917559558625,ok,
reference/dex-retargeting/src/dex_retargeting/configs/teleop/leap_hand_right_dexpilot.yml,leap_hand_right,dexpilot,16,0,0.00038331817480067795,0.00015283363191360652,0.00018542209330403762,2.939158137670291,2.9389281311468163,ok,
reference/dex-retargeting/src/dex_retargeting/configs/teleop/panda_gripper.yml,panda_gripper,vector,2,0,4.6133937642300893e-10,4.6133937642300893e-10,4.6133937642300893e-10,0.03356924307414635,0.03356924372657875,ok,
reference/dex-retargeting/src/dex_retargeting/configs/teleop/panda_gripper_dexpilot.yml,panda_gripper,dexpilot,2,0,2.8806459171151766e-12,2.8806459171151766e-12,2.8806459171151766e-12,0.00024805638820472403,0.00024805639227857255,ok,
reference/dex-retargeting/src/dex_retargeting/configs/teleop/schunk_svh_hand_left.yml,schunk_svh_hand_left,vector,20,0,6.735133062374388e-08,3.0510603735156574e-08,3.729117323297741e-08,2.40865745087075,2.4086575456552906,ok,
reference/dex-retargeting/src/dex_retargeting/configs/teleop/schunk_svh_hand_left_dexpilot.yml,schunk_svh_hand_left,dexpilot,20,0,0.0007663851128500987,0.00034074413946356686,0.00044484969545201323,2.5136012891106048,2.5126494241389277,ok,
reference/dex-retargeting/src/dex_retargeting/configs/teleop/schunk_svh_hand_right.yml,schunk_svh_hand_right,vector,20,0,0.049469468598044186,0.015353142560594096,0.020550097919734965,2.773954496794308,2.7535246010396195,ok,
reference/dex-retargeting/src/dex_retargeting/configs/teleop/schunk_svh_hand_right_dexpilot.yml,schunk_svh_hand_right,dexpilot,20,0,0.0018616690114929835,0.000531413422239135,0.0008050646253381391,2.3433952161720546,2.3423244373469227,ok,
reference/dex-retargeting/src/dex_retargeting/configs/teleop/shadow_hand_left.yml,shadow_hand_left,vector,24,0,0.0006458045257908829,0.0001958982276976557,0.00026411765772259337,2.7809157035200385,2.781168222192462,ok,
reference/dex-retargeting/src/dex_retargeting/configs/teleop/shadow_hand_left_dexpilot.yml,shadow_hand_left,dexpilot,24,0,0.0014847607493295722,0.00024370448592549033,0.0003908505413641303,3.0048941686119477,3.0042962404043836,ok,
reference/dex-retargeting/src/dex_retargeting/configs/teleop/shadow_hand_right.yml,shadow_hand_right,vector,24,0,1.2009991900985284e-07,3.276461718828364e-08,4.353241994772352e-08,2.847441961547794,2.84744205171052,ok,
reference/dex-retargeting/src/dex_retargeting/configs/teleop/shadow_hand_right_dexpilot.yml,shadow_hand_right,dexpilot,24,0,0.0003714660317933882,0.0001000809039842005,0.00014307880162241427,2.544494150610472,2.544616125143077,ok,
